x,Stream,stream,Season,,Timepoint,new.timepoint,Date,Time,Temp,bpmm,bp,N2toArMeasured,O2toArMeasured,light,Rep1N2toArMeasured,Rep2N2toArMeasured,Rep3N2toArMeasured,Rep1O2toArMeasured,Rep2O2toArMeasured,Rep3O2toArMeasured,dtime,TimeStep,bpcalc,N2toArMassRatioRep1,N2toArMassRatioRep2,N2toArMassRatioRep3,O2toArMassRatioRep1,O2toArMassRatioRep2,O2toArMassRatioRep3,NSat,ArSat,Rep1NMeasured,Rep2NMeasured,Rep3NMeasured,dnmodel,nodnmodel,mimsoxy,avg.n2ar.meas
,SHA,Stream,Summer,1,0,1.5,9/2/2021,18:05:00,20.05,765.22,30.6088,39.37975893,18.10221461,621.6,39.40828971,39.24015353,39.49083354,18.10221461,18.31235671,17.8920725,(09/02/21 18:05:00),0,755.0520986,27.63552188,27.51761442,27.6934067,14.49518476,14.66345415,14.32691537,14.91544115,0.551959135,15.25367874,15.18859864,15.2856288,27.61551433,27.02272726,14.49518476,27.61551433
,SHA,Stream,Summer,2,1,2.5,9/2/2021,19:05:00,19.9,765.15,30.606,39.82905447,16.92005765,480.9,39.82905447,39.79444836,39.86366059,16.92005765,16.96045664,16.87965867,(09/02/21 19:05:00),0.041666667,754.9717254,27.93058806,27.90632013,27.95485601,13.54858326,13.58093239,13.51623414,14.95373781,0.553534037,15.46053115,15.44709802,15.47396429,27.788507,27.02040155,13.60030359,27.93058807
,SHA,Stream,Summer,3,2,3.5,9/2/2021,20:05:00,16.7,765.15,30.606,39.41220587,15.5479336,218.4,39.37877048,39.47216153,39.38568562,15.56833978,15.22911153,15.84634949,(09/02/21 20:05:00),0.041666667,754.7278405,27.61482117,27.68031273,27.6196705,12.46620739,12.19457344,12.68882115,15.85571946,0.590430674,16.30463747,16.3433057,16.30750066,27.85368609,26.96836529,12.49578623,27.63826813
,SHA,Stream,Summer,4,3,4.5,9/2/2021,21:05:00,16.1,765.52,30.6208,39.49864926,13.24286653,29.4,39.46529821,39.5338734,39.49677615,13.24286653,13.27024277,13.2154903,(09/02/21 21:05:00),0.041666667,755.046458,27.67549975,27.7235889,27.69757402,10.6041057,10.62602698,10.58218443,16.04529755,0.598143538,16.55392132,16.58268554,16.56712491,27.83538695,26.88887818,11.30285268,27.69888756
,SHA,Stream,Summer,5,4,5.5,9/2/2021,22:05:00,15,765.75,30.63,39.96281938,11.81969725,2.1,39.96281938,39.96281938,39.96281938,11.81969725,11.81969725,11.81969725,(09/02/21 22:05:00),0.041666667,755.1878302,28.02439226,28.02439226,28.02439226,9.464515761,9.464515761,9.464515761,16.39473992,0.612384256,17.16169661,17.16169661,17.16169661,27.81612609,26.82876026,10.30696932,28.02439226
,SHA,Stream,Summer,6,5,6.5,9/2/2021,23:05:00,14.3,765.9,30.636,39.93757598,11.67886895,2.1,39.97781183,39.88240536,39.95251075,11.87238502,11.66053328,11.50368856,(09/02/21 23:05:00),0.041666667,755.281018,28.03490589,27.968001,28.01716322,9.506705017,9.337066651,9.211474658,16.62516617,0.621768007,17.43120755,17.38960823,17.42017572,27.78912706,26.77688004,9.681519346,28.00669004
,SHA,Stream,Summer,7,6,7.5,9/3/2021,0:05:00,14.9,765.6,30.624,39.83306497,10.94103435,2.1,39.87505636,39.89599236,39.72814618,10.94103435,10.93470717,10.94736153,(09/03/21 00:05:00),0.041666667,755.0320978,27.96284742,27.97752904,27.85982495,8.760934384,8.755867952,8.766000817,16.42352984,0.613569562,17.15715205,17.16616024,17.0939406,27.77345101,26.75258961,9.3536374,27.93340047
,SHA,Stream,Summer,8,7,8.5,9/3/2021,1:05:00,14.1,765.9,30.636,40.07659528,11.02983407,2.1,39.96062155,40.24103758,40.0281267,11.02983407,11.19739063,10.86227751,(09/03/21 01:05:00),0.041666667,755.2653287,28.02285101,28.21949601,28.07018978,8.832039958,8.966209359,8.697870556,16.6912327,0.624460711,17.49916946,17.62196654,17.52873066,27.77511029,26.74084523,9.099534499,28.10417893
,SHA,Stream,Summer,9,8,9.5,9/3/2021,2:05:00,14.5,765.6,30.624,39.77291495,10.84534547,2.1,39.92005221,39.81358129,39.58511136,10.94922056,10.67662084,10.91019502,(09/03/21 02:05:00),0.041666667,755.000839,27.99440129,27.91973731,27.75952012,8.767489418,8.549207656,8.73624007,16.55302702,0.618849614,17.32432442,17.27811865,17.1789683,27.7684577,26.73180195,8.987663838,27.89121957
,SHA,Stream,Summer,10,9,10.5,9/3/2021,3:05:00,13.8,765.67,30.6268,39.78404948,11.5281386,2.1,39.78404948,39.88474266,39.6833563,11.5281386,11.73924645,11.31703074,(09/03/21 03:05:00),0.041666667,755.0149552,27.89902779,27.96964005,27.82841552,9.231052807,9.40009551,9.062010096,16.78620009,0.628347591,17.53028689,17.57465594,17.48591785,27.77001843,26.72526689,8.871393799,27.89902779
,SHA,Stream,Summer,11,10,11.5,9/3/2021,4:05:00,13.7,765.82,30.6328,39.43148046,11.22445785,2.1,39.60217886,39.3842147,39.30804782,11.40899263,11.35347121,10.91090971,(09/03/21 04:05:00),0.041666667,755.1549998,27.7714889,27.618639,27.56522608,9.135647748,9.091189473,8.736812351,16.82316772,0.629842719,17.49167007,17.39539867,17.36175693,27.76018168,26.71263725,8.816240534,27.65178466
,SHA,Stream,Summer,12,11,12.5,9/3/2021,5:05:00,13.6,765.67,30.6268,40.08878859,11.65202829,2.1,40.16578697,40.01179021,40.08878859,11.55571447,11.63739421,11.76297619,(09/03/21 05:05:00),0.041666667,754.9992168,28.16672565,28.05873363,28.11272964,9.253133936,9.318538249,9.419096885,16.85357551,0.631092594,17.77581195,17.70765899,17.74173547,27.75463181,26.7049652,8.780182045,28.11272964
,SHA,Stream,Summer,13,12,13.5,9/3/2021,6:05:00,13.3,765.6,30.624,39.33645924,10.77375003,2.1,39.59020729,39.32467968,39.09449076,10.77375003,10.81942943,10.72807063,(09/03/21 06:05:00),0.041666667,754.9065463,27.7630937,27.57688937,27.41546671,8.626982977,8.663560344,8.59040561,16.95408077,0.635191758,17.63488829,17.51661284,17.41407849,27.74977074,26.69700853,8.745041481,27.58514993
,SHA,Stream,Summer,14,13,14.5,9/3/2021,7:05:00,13.2,765.52,30.6208,39.89047229,10.90958742,2.1,39.90685081,39.945378,39.81918805,10.90958742,10.68216406,11.13701079,(09/03/21 07:05:00),0.041666667,754.8197717,27.98514365,28.01216129,27.92366912,8.735753539,8.553646339,8.917860748,16.98657567,0.636521093,17.81313423,17.83033153,17.77400439,27.74293926,26.68870909,8.727055601,27.97365802
,SHA,Stream,Summer,15,14,15.5,9/3/2021,8:05:00,13.7,765.6,30.624,39.44102624,11.00484871,2.1,39.59903563,39.45178363,39.27225945,10.81731825,11.05826308,11.1389648,(09/03/21 08:05:00),0.041666667,754.9380635,27.76928467,27.66602249,27.54012907,8.661869835,8.854804231,8.919425404,16.8182585,0.629658922,17.48517786,17.42015791,17.34088799,27.74218815,26.69079449,8.745084351,27.65847874
,SHA,Stream,Summer,16,15,16.5,9/3/2021,9:05:00,14.9,766.05,30.642,39.66221083,12.51382898,56.7,39.72834155,39.59608012,39.66221083,12.03865045,12.5233001,12.97953639,(09/03/21 09:05:00),0.041666667,755.4758863,27.85996196,27.76721209,27.81358702,9.639840558,10.02791939,10.39324647,16.43334828,0.613936371,17.10424394,17.04730143,17.07577268,27.75943602,26.71582332,8.868402093,27.81358702
,SHA,Stream,Summer,17,16,17.5,9/3/2021,10:05:00,16.8,765.97,30.6388,39.96545601,13.42705609,548.1,39.95455987,40.04274485,39.89906332,13.93376855,13.30529994,13.0420998,(09/03/21 10:05:00),0.041666667,755.5443811,28.01860019,28.08044093,27.97968258,11.15733925,10.65409869,10.44334356,15.8431346,0.589854148,16.52688754,16.56336456,16.50393183,27.80422894,26.77275987,9.658512174,28.02624123
,SHA,Stream,Summer,18,17,18.5,9/3/2021,11:05:00,18.1,765.6,30.624,40.62097188,15.03415497,1094.1,40.28759352,40.67739215,40.89792996,15.01663366,15.04401899,15.04181226,(09/03/21 11:05:00),0.041666667,755.2791235,28.25214391,28.52549474,28.68014944,12.0244337,12.04636226,12.04459524,15.45697078,0.574099099,16.21953036,16.37646082,16.46524795,27.87132661,26.84738528,11.41940814,28.48592936
,SHA,Stream,Summer,19,18,19.5,9/3/2021,12:05:00,18.6,765.9,30.636,39.56549744,16.4733952,1593.9,39.56549744,39.33092403,39.80007085,16.4733952,16.17578052,16.77100989,(09/03/21 12:05:00),0.041666667,755.6132096,27.74576563,27.58126829,27.91026296,13.19092234,12.95261007,13.42923461,15.32246771,0.568573436,15.77550529,15.68197648,15.86903411,27.92994393,26.90855914,13.79631797,27.74576563
,SHA,Stream,Summer,20,19,20.5,9/3/2021,13:05:00,18.9,765.6,30.624,39.63773501,18.5117012,1358.7,39.45978327,39.61463819,39.83878356,18.3511313,18.57178136,18.61219095,(09/03/21 13:05:00),0.041666667,755.3400465,27.67163234,27.78022615,27.9374107,14.69450255,14.8711861,14.90354371,15.23321204,0.56494402,15.6329232,15.69427263,15.7830731,27.96684537,26.94712796,15.5729407,27.79642306
,SHA,Stream,Summer,21,20,21.5,9/3/2021,14:05:00,19.9,765.45,30.618,40.07526875,19.97554786,1472.1,40.07526875,40.02866369,40.12187381,19.9746502,19.98412125,19.96787215,(09/03/21 14:05:00),0.041666667,755.2677347,28.10324869,28.07056635,28.13593103,15.99452064,16.0021045,15.98909318,14.95973936,0.553756193,15.562348,15.54424995,15.58044604,27.99626825,26.98243271,16.48279961,28.10324869
,SHA,Stream,Summer,22,21,22.5,9/3/2021,15:05:00,20.1,765.37,30.6148,39.28214432,20.45047848,699.3,39.64449101,38.96306016,39.2388818,20.78938559,20.58715863,19.97489124,(09/03/21 15:05:00),0.041666667,755.2038718,27.80116079,27.32329947,27.51672261,16.64691264,16.48498123,15.99471365,14.90524841,0.551529494,15.33316015,15.06960554,15.1762841,28.02760852,27.01440802,16.16468515,27.54706096
,SHA,Stream,Summer,23,22,23.5,9/3/2021,16:05:00,20.3,765.15,30.606,39.70334208,20.40367994,1136.1,39.95172937,39.5652177,39.59307915,20.94919295,20.27670353,19.98514335,(09/03/21 16:05:00),0.041666667,755.0018424,28.01661526,27.74556946,27.76510762,16.77487694,16.23638712,16.00292294,14.84837199,0.549215674,15.38716423,15.23830162,15.24903229,28.04490711,27.03259596,15.53785157,27.84243078
,SHA,Stream,Summer,24,23,24.5,9/3/2021,17:05:00,19.8,764.47,30.5788,39.65438695,19.17252513,527.1,39.32738476,39.64119679,39.99457929,19.27184926,19.13745814,19.108268,(09/03/21 17:05:00),0.041666667,754.2932357,27.57878634,27.79885068,28.04666427,15.43175914,15.32414667,15.30077292,14.96669648,0.554118813,15.28192435,15.40386614,15.54118431,28.04952669,27.03384855,14.94283565,27.80810043
,SHA,Stream,Summer,25,24,25.5,9/3/2021,18:05:00,19,764.02,30.5608,39.20243053,17.13648243,394.8,39.4377807,39.07200654,39.09750435,17.35836323,17.22108222,16.83000183,(09/03/21 18:05:00),0.041666667,753.788797,27.65620278,27.39969939,27.41758003,13.89955249,13.78962597,13.47647188,15.17363035,0.56262876,15.56017508,15.4158589,15.42591906,28.03318073,27.01259114,13.6150556,27.49116073
,SHA,Stream,Summer,26,25,26.5,9/3/2021,19:05:00,18.7,763.27,30.5308,39.73691943,15.86022578,197.4,39.87347531,39.50986622,39.82741675,16.06575432,15.7012166,15.81370643,(09/03/21 19:05:00),0.041666667,753.0261176,27.96173869,27.70675359,27.92943959,12.86450759,12.5726073,12.66268252,15.24097781,0.56544383,15.81079263,15.66661288,15.7925293,28.00724281,26.98495685,12.41739799,27.86597729
,SHA,Stream,Summer,27,26,27.5,9/3/2021,20:05:00,17.9,763.57,30.5428,39.3372453,14.02250567,79.8,39.55510797,39.31540321,39.14122472,13.98417267,14.22145658,13.86188775,(09/03/21 20:05:00),0.041666667,753.2612477,27.73847989,27.57038414,27.44823944,11.19769989,11.38770284,11.09978135,15.4719808,0.574869921,15.94601774,15.84938455,15.77916724,27.98232552,26.9551372,11.29602578,27.58570116
,SHA,Stream,Summer,28,27,28.5,9/3/2021,21:05:00,17.5,763.27,30.5308,39.74294298,14.13651373,37.8,39.75696628,39.64884813,39.82301452,14.53814965,13.73487781,14.13651373,(09/03/21 21:05:00),0.041666667,752.9347643,27.88003538,27.80421627,27.92635248,11.64129195,10.99807929,11.31968562,15.58074629,0.579339545,16.15200701,16.108082,16.17884034,27.95265831,26.92334771,10.43977838,27.87020138
,SHA,Stream,Summer,29,28,29.5,9/3/2021,22:05:00,17.2,763.42,30.5368,39.66474887,12.12441872,2.1,39.95410303,39.65496669,39.38517688,12.12441872,12.01753187,12.23130557,(09/03/21 22:05:00),0.041666667,753.0597741,28.01827982,27.80850698,27.61931374,9.708518725,9.622930045,9.794107404,15.67126953,0.583027522,16.33542826,16.21312492,16.10282005,27.92969411,26.89873126,9.837237634,27.81536685
,SHA,Stream,Summer,30,29,30.5,9/3/2021,23:05:00,17,763.27,30.5308,40.20177562,11.66733454,2.1,40.41834902,40.22135926,39.96561859,11.74685857,11.63416361,11.62098143,(09/03/21 23:05:00),0.041666667,752.8964807,28.34383773,28.20569636,28.02635524,9.406190847,9.315951376,9.305395864,15.7269425,0.585313693,16.59003633,16.5091803,16.40420949,27.91278382,26.88070262,9.43687046,28.19196311
,SHA,Stream,Summer,31,30,31.5,9/4/2021,0:05:00,17,763.57,30.5428,39.48770983,10.69216838,2.1,39.69833091,39.47072348,39.2940751,10.97815571,10.40618104,10.69216838,(09/04/21 00:05:00),0.041666667,753.1924034,27.83891664,27.67930428,27.55542755,8.790658978,8.33265543,8.561657208,15.73324549,0.585548273,16.30102957,16.20756883,16.13503302,27.90221083,26.870241,9.206406058,27.69121616
,SHA,Stream,Summer,32,31,32.5,9/4/2021,1:05:00,16.9,763.95,30.558,40.27433414,10.97522898,2.1,40.43394628,40.32055251,40.06850363,10.81960652,11.21399172,10.8920887,(09/04/21 01:05:00),0.041666667,753.5595597,28.35477549,28.27525678,28.09850457,8.663702147,8.979502532,8.721741597,15.77083033,0.587054689,16.64580389,16.59912207,16.49535885,27.89710448,26.86466188,9.066372916,28.24284561
,SHA,Stream,Summer,33,32,33.5,9/4/2021,2:05:00,16.8,763.65,30.546,39.8998715,10.42951689,2.1,40.02472666,39.89000187,39.78488597,10.59492383,10.30645795,10.3871689,(09/04/21 02:05:00),0.041666667,753.2559587,28.06780546,27.97332814,27.89961439,8.483789513,8.252803067,8.31743163,15.79421989,0.588033009,16.50479611,16.44924033,16.40589421,27.89302944,26.86005165,8.981495634,27.98024933
,SHA,Stream,Summer,34,33,34.5,9/4/2021,3:05:00,16.8,763.42,30.5368,39.44500267,10.49513275,2.1,39.61674119,39.41737473,39.3008921,10.30487712,10.87519072,10.30533041,(09/04/21 03:05:00),0.041666667,753.0290892,27.7817009,27.64189285,27.56020805,8.251537231,8.708210693,8.251900199,15.78937059,0.587852466,16.33154137,16.24935487,16.20133625,27.89046225,26.85739022,8.932940147,27.66126727
,SHA,Stream,Summer,35,34,35.5,9/4/2021,4:05:00,16.6,762.82,30.5128,40.20632377,11.21727608,2.1,40.25966718,40.2797924,40.07951172,11.28586904,11.10351382,11.26244537,(09/04/21 04:05:00),0.041666667,752.4218941,28.23256024,28.24667328,28.10622412,9.037057646,8.891038352,9.018301354,15.8364089,0.589819337,16.65210995,16.6604341,16.57759447,27.88879092,26.85410898,8.892619327,28.19515255
,SHA,Stream,Summer,36,35,36.5,9/4/2021,5:05:00,16.5,762.6,30.504,39.82214626,11.06743248,2.1,39.96530199,39.82720131,39.67393549,11.06884741,11.14454546,10.98890457,(09/04/21 05:05:00),0.041666667,752.1972065,28.02613322,27.92928851,27.82180907,8.863279537,8.923894067,8.79926603,15.86176274,0.59087144,16.5598417,16.50261892,16.43911239,27.88459808,26.84889498,8.868190814,27.9257436
,SHA,Stream,Summer,37,36,37.5,9/4/2021,6:05:00,16.5,762.37,30.4948,39.39726297,11.50373131,2.1,39.53625851,39.39421679,39.26131361,11.50373131,11.76325211,11.24421051,(09/04/21 06:05:00),0.041666667,751.970344,27.72526149,27.62565308,27.53245318,9.21150889,9.419317826,9.003699955,15.85688766,0.590689837,16.37703018,16.31819251,16.26314027,27.88147525,26.84541811,8.855815444,27.62778925
,TIP,River,Summer,1,0,1.5,7/20/2022,17:47:00,28.6,752.05,29.62,39.17,15.49,170,39.3,39.1,39.2,15.9,15.4,15.1,(07/20/22 17:47:00),0,731.2663818,27.55958246,27.41933013,27.48945629,12.73178132,12.33141083,12.09118855,12.53124979,0.455849906,12.56303308,12.49909907,12.53106608,27.48945629,27.48985932,12.38479356,27.48945629
,TIP,River,Summer,2,1,2.5,7/20/2022,18:44:00,27.6,752.81,29.65,39.3,15.75,116,39.2,39.5,39.2,16,15.3,16,(07/20/22 18:44:00),0.039583333,731.9378576,27.48945629,27.69983479,27.48945629,12.81185541,12.25133674,12.81185541,12.73881585,0.46437498,12.76541572,12.86311023,12.76541572,27.49162311,27.48926349,12.1109202,27.55958246
,TIP,River,Summer,3,2,3.5,7/20/2022,19:44:00,26.6,753.32,29.67,38.99,16.51,92,39.1,39.1,38.8,16.6,16.5,16.4,(07/20/22 19:44:00),0.041666667,732.3619022,27.41933013,27.41933013,27.20895164,13.29229999,13.21222589,13.1321518,12.94858089,0.473001657,12.96938859,12.96938859,12.86987921,27.49265893,27.4874323,11.83197147,27.34920397
,TIP,River,Summer,4,3,4.5,7/20/2022,20:46:00,26.2,753.83,29.69,39.27,16.23,32,39.4,39.3,39.2,16.4,16.2,16.2,(07/20/22 20:46:00),0.043055556,732.8275569,27.62970862,27.55958246,27.48945629,13.1321518,12.9720036,12.9720036,13.03987518,0.476728413,13.17186714,13.13843601,13.10500487,27.49284203,27.48469749,11.56408248,27.55958246
,TIP,River,Summer,5,4,5.5,7/20/2022,21:43:00,25.5,753.83,29.69,38.98,15.24,0,39,39,39,15,15.1,15.6,(07/20/22 21:43:00),0.039583333,732.7783492,27.34920397,27.34920397,27.34920397,12.01111445,12.09118855,12.49155903,13.1864529,0.482776619,13.20355623,13.20355623,13.20355623,27.49241576,27.48162748,11.32557004,27.34920397
,TIP,River,Summer,6,5,6.5,7/20/2022,22:43:00,25.1,753.83,29.69,38.95,14.51,0,39.4,39.3,39.2,15,14.5,14,(07/20/22 22:43:00),0.041666667,732.7501283,27.62970862,27.55958246,27.48945629,12.01111445,11.61074397,11.21037349,13.27176643,0.486294305,13.43616995,13.40206799,13.36796604,27.49134709,27.47781656,11.10444654,27.55958246
,TIP,River,Summer,7,6,7.5,7/20/2022,23:41:00,24.7,753.83,29.69,39.21,13.68,0,39.2,39.2,39.2,13.8,13.7,13.6,(07/20/22 23:41:00),0.040277778,732.7218327,27.48945629,27.48945629,27.48945629,11.05022529,10.9701512,10.8900771,13.35823995,0.489857938,13.46592838,13.46592838,13.46592838,27.48990742,27.47376488,10.9242347,27.48945629
,TIP,River,Summer,8,7,8.5,7/21/2022,0:40:00,24.7,753.83,29.69,40.22,13.03,0,39.2,39.3,39.2,12.4,12.5,12.4,(07/21/22 00:40:00),0.040972222,732.7218327,27.48945629,27.55958246,27.48945629,9.929187944,10.00926204,9.929187944,13.35823995,0.489857938,13.46592838,13.50028023,13.46592838,27.4882407,27.46948107,10.77397298,27.51283168
,TIP,River,Summer,9,8,9.5,7/21/2022,1:39:00,23.2,753.58,29.68,39.35,12.95,0,39.4,39.3,39.4,13.6,12.8,12.5,(07/21/22 01:39:00),0.040972222,732.3682989,27.62970862,27.55958246,27.62970862,10.8900771,10.24948433,10.00926204,13.68851055,0.503472692,13.91080378,13.87549717,13.91080378,27.48587876,27.46453532,10.62932801,27.60633323
,TIP,River,Summer,10,9,10.5,7/21/2022,2:41:00,23.9,753.58,29.68,39.34,12.98,0,39.3,39.3,39.4,13.4,12.7,12.9,(07/21/22 02:41:00),0.043055556,732.4182446,27.55958246,27.55958246,27.62970862,10.72992891,10.16941023,10.32955843,13.53006171,0.496954227,13.69585099,13.69585099,13.73070049,27.48286704,27.4588574,10.52439849,27.58295785
,TIP,River,Summer,11,11,12.5,7/21/2022,4:41:00,23.7,754.34,29.71,39.28,12.44,0,39.5,39.2,39.2,11.8,12.7,12.8,(07/21/22 04:41:00),0.083333333,733.1442986,27.69983479,27.48945629,27.48945629,9.448743366,10.16941023,10.24948433,13.58908739,0.49932091,13.83110671,13.72606033,13.72606033,27.47789124,27.44883348,10.35292985,27.55958246
,TIP,River,Summer,12,12,13.5,7/21/2022,5:43:00,21.7,754.59,29.72,40.71,12.92,0,39.3,39.3,39.3,12.3,12.2,12.5,(07/21/22 05:43:00),0.043055556,733.2473597,27.55958246,27.55958246,27.55958246,9.849113848,9.769039752,10.00926204,14.06084262,0.518687928,14.29482271,14.29482271,14.29482271,27.47427603,27.44265951,10.26159909,27.55958246
,TIP,River,Summer,13,13,14.5,7/21/2022,6:37:00,21.9,755.35,29.75,39.5,12.39,0,39.6,39.5,39.4,11.8,12.8,12.6,(07/21/22 06:37:00),0.0375,734.0019867,27.76996095,27.69983479,27.62970862,9.448743366,10.24948433,10.08933614,14.02717676,0.517245116,14.36387667,14.32760425,14.29133184,27.47017265,27.43636948,10.21307428,27.69983479
,TIP,River,Summer,14,14,15.5,7/21/2022,7:37:00,21.6,756.11,29.78,39.26,11.57,176,39.5,39.1,39.2,12.7,12.7,12.6,(07/21/22 07:37:00),0.041666667,734.7204203,27.69983479,27.41933013,27.48945629,10.16941023,10.16941023,10.08933614,14.11427854,0.520760044,14.42496717,14.27889155,14.31541046,27.46567246,27.42947304,10.22013228,27.53620707
,TIP,River,Summer,15,15,16.5,7/21/2022,8:36:00,23.9,756.62,29.8,39.62,13.43,646,39.2,39.2,39.2,13.3,13.1,13.9,(07/21/22 08:36:00),0.040972222,735.3795043,27.48945629,27.48945629,27.48945629,10.64985481,10.48970662,11.13029939,13.58647875,0.499026404,13.71796453,13.71796453,13.71796453,27.4621671,27.42366571,10.47023168,27.48945629
,TIP,River,Summer,16,17,18.5,7/21/2022,10:35:00,26.3,756.88,29.81,39.13,14.33,1330,39.2,39.2,39.1,14,14,15,(07/21/22 10:35:00),0.082638889,735.7965131,27.48945629,27.48945629,27.41933013,11.21037349,11.21037349,12.01111445,13.0737425,0.477868517,13.13634572,13.13634572,13.10283463,27.46056406,27.4175398,10.98781781,27.4660809
,TIP,River,Summer,17,18,19.5,7/21/2022,11:35:00,27.6,757.13,29.82,39.12,16.41,1738,39,39.2,39.2,15.3,15,15.6,(07/21/22 11:35:00),0.041666667,736.1344659,27.34920397,27.48945629,27.48945629,12.25133674,12.01111445,12.49155903,12.81472712,0.467142215,12.77596773,12.84148551,12.84148551,27.4620341,27.41678034,11.86449172,27.44270552
,TIP,River,Summer,18,19,20.5,7/21/2022,12:38:00,29,756.88,29.81,39.15,16.39,1902,39.2,39.2,39.1,16.6,15.7,16.8,(07/21/22 12:38:00),0.04375,735.9848431,27.48945629,27.48945629,27.41933013,13.29229999,12.57163312,13.45244818,12.53861022,0.45573113,12.52780098,12.52780098,12.49584231,27.46530321,27.41775465,12.79049085,27.4660809
,TIP,River,Summer,19,20,21.5,7/21/2022,13:35:00,29.1,756.62,29.8,39.29,17.35,1859,39.4,39.2,39.3,17,17.6,17.4,(07/21/22 13:35:00),0.039583333,735.7448603,27.62970862,27.48945629,27.55958246,13.61259638,14.09304095,13.93289276,12.51528435,0.454786613,12.56562159,12.50183671,12.53372915,27.46912022,27.41951806,13.6483069,27.55958246
,TIP,River,Summer,20,21,22.5,7/21/2022,14:34:00,30.1,756.62,29.8,39.21,17.69,1977,39.2,39.3,39.2,17.6,17.8,17.7,(07/21/22 14:34:00),0.040972222,735.8137049,27.48945629,27.55958246,27.48945629,14.09304095,14.25318915,14.17311505,12.32908986,0.447062217,12.28949728,12.32084804,12.28949728,27.47373336,27.42205149,14.39266294,27.51283168
,TIP,River,Summer,21,22,23.5,7/21/2022,15:35:00,30.5,756.62,29.8,39.65,17.91,1755,39.1,39.2,39.3,17.3,18.6,17.8,(07/21/22 15:35:00),0.042361111,735.8411176,27.41933013,27.48945629,27.55958246,13.85281866,14.89378192,14.25318915,12.25620568,0.444035418,12.17515373,12.20629223,12.23743073,27.47935712,27.42555718,14.96051935,27.48945629
,TIP,River,Summer,22,23,24.5,7/21/2022,16:35:00,28.9,756.37,29.79,39.08,18.12,1392,39,39.1,39.1,18.3,18.2,17.9,(07/21/22 16:35:00),0.041666667,735.4841479,27.34920397,27.41933013,27.41933013,14.65355963,14.57348553,14.33326324,12.54883454,0.456199612,12.47669623,12.50868776,12.50868776,27.48393279,27.42804562,15.23870585,27.39595474
,TIP,River,Summer,23,24,25.5,7/21/2022,17:36:00,29.4,756.37,29.79,39.01,19.07,870,38.9,39,39.1,19.1,19.5,18.6,(07/21/22 17:36:00),0.042361111,735.5186596,27.2790778,27.34920397,27.41933013,15.2941524,15.61444878,14.89378192,12.45445384,0.452286782,12.3379663,12.36968344,12.40140058,27.48785092,27.42989289,15.15782246,27.34920397
,TIP,River,Summer,24,25,26.5,7/21/2022,18:36:00,28.5,756.11,29.78,39.44,18.09,275,39.1,39,39,18.1,18.3,17.9,(07/21/22 18:36:00),0.041666667,735.209577,27.41933013,27.34920397,27.34920397,14.49341143,14.65355963,14.33326324,12.62100224,0.459211842,12.5912811,12.55907833,12.55907833,27.49137496,27.43138888,14.71341032,27.37257936
,TIP,River,Summer,25,26,27.5,7/21/2022,19:36:00,27.8,755.61,29.76,39.03,18.35,97,39.1,39,39,18.4,18.7,18,(07/21/22 19:36:00),0.041666667,734.6672322,27.41933013,27.34920397,27.34920397,14.73363372,14.97385601,14.41333734,12.74843786,0.464531534,12.73714348,12.70456767,12.70456767,27.4938752,27.43188467,14.07306072,27.37257936
,TIP,River,Summer,26,27,28.5,7/21/2022,20:36:00,26.5,755.61,29.76,39.27,17.94,43,39.2,39.5,39.2,18.1,18.3,17.4,(07/21/22 20:36:00),0.041666667,734.5764108,27.48945629,27.69983479,27.48945629,14.49341143,14.65355963,13.93289276,13.00981363,0.475336332,13.06673733,13.16673787,13.06673733,27.4951603,27.4311794,13.45242267,27.55958246
,TIP,River,Summer,27,28,29.5,7/21/2022,21:36:00,25.3,756.11,29.78,39.09,16.66,0,39,39.2,39.1,16.8,16.6,16.6,(07/21/22 21:36:00),0.041666667,734.9854937,27.34920397,27.48945629,27.41933013,13.45244818,13.29229999,13.29229999,13.27043612,0.486048675,13.29304435,13.36121381,13.32712908,27.49497991,27.42903166,12.89835469,27.41933013
,TIP,River,Summer,28,29,30.5,7/21/2022,22:41:00,24.7,756.62,29.8,39.08,15.55,0,39.2,39,39.1,15.8,15.3,15.6,(07/21/22 22:41:00),0.045138889,735.4365313,27.48945629,27.34920397,27.41933013,12.65170722,12.25133674,12.49155903,13.40935957,0.491732538,13.5174601,13.44849347,13.48297679,27.49365734,27.42561344,12.38781894,27.41933013
,TIP,River,Summer,29,30,31.5,7/21/2022,23:38:00,26.3,757.38,29.83,39.08,14.87,0,39.1,39,39.2,15.3,14.7,14.6,(07/21/22 23:38:00),0.039583333,736.2901706,27.41933013,27.34920397,27.48945629,12.25133674,11.77089216,11.69081806,13.08283083,0.478200712,13.11194319,13.07840881,13.14547757,27.49294784,27.4231224,12.03630473,27.41933013
,TIP,River,Summer,30,31,32.5,7/22/2022,0:38:00,26.3,757.64,29.84,39.73,14.32,0,39.1,39.2,39.2,14.6,14.5,13.9,(07/22/22 00:38:00),0.041666667,736.5369993,27.41933013,27.48945629,27.48945629,11.69081806,11.61074397,11.13029939,13.087375,0.478366809,13.11649747,13.1500435,13.1500435,27.49321152,27.42152328,11.71675282,27.4660809
,TIP,River,Summer,31,32,33.5,7/22/2022,1:38:00,26.2,758.15,29.86,39.13,13.94,0,39.2,39.1,39.1,14,13.9,13.9,(07/22/22 01:38:00),0.041666667,737.0236055,27.48945629,27.41933013,27.41933013,11.21037349,11.13029939,11.13029939,13.11723215,0.479556528,13.18274821,13.14911875,13.14911875,27.49341379,27.41988888,11.44880534,27.44270552
,TIP,River,Summer,32,33,34.5,7/22/2022,2:40:00,25.3,758.4,29.87,39.15,13.5,0,39.1,39.2,39.2,13.3,13.4,13.8,(07/22/22 02:40:00),0.043055556,737.2067393,27.41933013,27.48945629,27.48945629,10.64985481,10.72992891,11.05022529,13.3119061,0.487567572,13.36877623,13.40296747,13.40296747,27.49305039,27.41764253,11.20743455,27.4660809
,TIP,River,Summer,33,34,35.5,7/22/2022,3:38:00,25.2,758.65,29.88,40.48,13.85,0,39.3,39.3,39.3,13.5,13.6,13.4,(07/22/22 03:38:00),0.040277778,737.4464417,27.55958246,27.55958246,27.55958246,10.810003,10.8900771,10.72992891,13.33800162,0.488622354,13.46622805,13.46622805,13.46622805,27.49214002,27.41500405,11.024124,27.55958246
,TIP,River,Summer,34,35,36.5,7/22/2022,4:38:00,24.8,759.16,29.9,39.53,13.05,0,39.3,39.2,39.3,13,13,13.2,(07/22/22 04:38:00),0.041666667,737.9115701,27.55958246,27.48945629,27.55958246,10.40963252,10.40963252,10.56978071,13.43396395,0.492535613,13.57407585,13.53953622,13.57407585,27.49094466,27.4120422,10.86111608,27.53620707
,TIP,River,Summer,35,36,37.5,7/22/2022,5:42:00,23.9,759.16,29.9,40.99,13.33,0,39.4,39.4,39.4,12.8,12.9,13,(07/22/22 05:42:00),0.044444444,737.8472208,27.62970862,27.62970862,27.62970862,10.24948433,10.32955843,10.40963252,13.63349295,0.500753219,13.83566552,13.83566552,13.83566552,27.48894935,27.40818126,10.70792978,27.62970862
,SHA,Stream,Fall,1,0,0,10/27/2022,17:22:00,11.74,770.32362,30.32770157,39.93062755,14.36445427,66.99,39.94421123,39.93062755,39.91704387,14.22225667,14.70877905,14.16232708,(10/27/22 17:22:00),0,747.4799959,28.01134308,28.00181737,27.99229165,11.38834351,11.7779219,11.34035543,17.33350592,0.651176464,18.24032733,18.23412441,18.22792148,28.00181737,26.61875373,11.50220695,28.00181737
,SHA,Stream,Fall,2,1,1,10/27/2022,18:23:00,11.33,770.7732,30.34540157,40.34783279,13.85541224,11.76,40.71104775,39.98461784,40.34783279,13.93193663,13.77888786,13.85541224,(10/27/22 18:23:00),0.042361111,747.8837958,28.54909612,28.03967869,28.2943874,11.15587236,11.03331994,11.09459614,17.49318919,0.657640478,18.77504121,18.44002769,18.60753445,28.14275037,26.6153331,11.51897974,28.2943874
,SHA,Stream,Fall,3,2,2,10/27/2022,19:22:00,10.83,770.69954,30.34250157,40.25914242,13.65559741,1.26,39.54241489,40.25914242,40.97586995,13.57062515,13.95700412,13.43916296,(10/27/22 19:22:00),0.040972222,747.7726314,27.72957872,28.23219224,28.73480577,10.86655545,11.17594492,10.76128829,17.6771434,0.665126902,18.44368878,18.77799055,19.11229233,28.24509845,26.60584742,11.20500433,28.23219224
,SHA,Stream,Fall,4,3,3,10/27/2022,20:23:00,10.45,770.8494,30.34840157,40.02382105,13.00912726,1.26,40.05780331,39.98983878,40.02382105,13.09062576,12.92762876,13.00912726,(10/27/22 20:23:00),0.042361111,747.8877695,28.09100085,28.04333993,28.06717039,10.48220028,10.35168191,10.41694109,17.82433249,0.671100822,18.85189375,18.81990847,18.83590111,28.32321234,26.59195443,10.91822913,28.06717039
,SHA,Stream,Fall,5,4,4,10/27/2022,21:24:00,10.18,771.07546,30.35730157,40.01045303,13.35600667,1.26,40.01045303,40.00130466,40.01960139,13.42525141,13.35600667,13.28676193,(10/27/22 21:24:00),0.042361111,748.0855376,28.05779591,28.05138051,28.06421131,10.75014875,10.69470165,10.63925455,17.93314917,0.675508447,18.95327815,18.94894449,18.9576118,28.38110936,26.57710165,10.7155452,28.05779591
,SHA,Stream,Fall,6,5,5,10/27/2022,22:24:00,10.02,771.37518,30.36910157,41.45376245,12.94290996,1.26,42.63787076,41.45376245,40.26965414,12.94290996,13.2702163,12.61560361,(10/27/22 22:24:00),0.041666667,748.363522,29.90030318,29.06993345,28.23956371,10.36391819,10.62600578,10.10183059,18.00212893,0.678291196,20.28111239,19.71787991,19.15464743,28.4240317,26.56355786,10.57551419,29.06993345
,SHA,Stream,Fall,7,6,6,10/27/2022,23:23:00,9.96,771.52504,30.37500157,40.62239912,12.69018288,1.26,40.71785372,40.85588583,40.2934578,12.69018288,12.77440305,12.60596272,(10/27/22 23:23:00),0.040972222,748.5041071,28.55386888,28.65066551,28.2562563,10.16154926,10.2289878,10.09411073,18.02900149,0.6793729,19.39872471,19.46448571,19.19653479,28.45688878,26.55259916,10.47932032,28.48693023
,SHA,Stream,Fall,8,7,7,10/28/2022,0:22:00,9.88,771.44884,30.37200157,40.49678848,12.71930255,1.26,40.42591308,40.24648742,40.81796493,12.62122564,12.81737946,12.71930255,(10/28/22 00:22:00),0.040972222,748.4237725,28.34914211,28.22331778,28.62407303,10.10633238,10.26340078,10.18486658,18.05839562,0.680572882,19.29365736,19.20802473,19.48076789,28.48365083,26.54403124,10.40911193,28.39884431
,SHA,Stream,Fall,9,8,8,10/28/2022,1:22:00,9.79,771.37518,30.36910157,41.19674772,13.31486629,1.26,41.19674772,41.20314793,41.19034752,13.93026317,13.011767,13.0025687,(10/28/22 01:22:00),0.041666667,748.3450981,28.88969887,28.8941871,28.88521066,11.15453235,10.41905484,10.41168939,18.09186817,0.681938378,19.70099438,19.70405508,19.6979337,28.50560202,26.53690503,10.35622675,28.88969888
,SHA,Stream,Fall,10,9,9,10/28/2022,2:25:00,9.77,771.44884,30.37200157,40.35262144,12.82679743,1.26,40.2488134,40.35262144,40.45642947,12.75695088,12.82679743,12.89664399,(10/28/22 02:25:00),0.04375,748.4149552,28.2249489,28.29774549,28.37054208,10.21501314,10.27094213,10.32687113,18.10146198,0.682323111,19.25853494,19.30820574,19.35787654,28.52382539,26.5311328,10.31740386,28.29774549
,SHA,Stream,Fall,11,10,10,10/28/2022,3:23:00,9.78,771.52504,30.37500157,40.51977991,13.35601068,1.26,40.63729476,40.40226506,40.51977991,13.1194207,13.59260066,13.35601068,(10/28/22 03:23:00),0.040277778,748.489682,28.49737597,28.33255866,28.41496732,10.50525757,10.88415215,10.69470486,18.09934816,0.682231877,19.44181831,19.32937468,19.38559649,28.53775185,26.52762967,10.2938437,28.41496732
,SHA,Stream,Fall,12,11,11,10/28/2022,4:24:00,9.8,771.52504,30.37500157,40.44769408,12.86423866,1.26,40.44769408,40.42231946,40.4730687,12.92099063,13.01401786,12.65770751,(10/28/22 04:24:00),0.042361111,748.4912857,28.36441629,28.34662204,28.38221054,10.34636648,10.4208572,10.1355449,18.0915057,0.681913163,19.34206883,19.3299347,19.35420297,28.55030347,26.52557808,10.2759756,28.36441629
,SHA,Stream,Fall,13,12,12,10/28/2022,5:24:00,9.8,771.37518,30.36910157,41.57109533,12.99100885,1.26,41.72014315,41.79936664,41.19377619,12.98335827,12.99865944,12.99100885,(10/28/22 05:24:00),0.041666667,748.3458997,29.25673601,29.31229241,28.88761505,10.39630681,10.40855908,10.40243294,18.0879485,0.681779084,19.94663068,19.98450786,19.69497173,28.56104093,26.52467288,10.263059,29.15221449
,SHA,Stream,Fall,14,13,13,10/28/2022,6:23:00,9.72,771.6749,30.38090157,40.73344308,13.08207624,1.26,40.57082013,40.73344308,40.89606602,13.41590961,13.08207624,12.74824288,(10/28/22 06:23:00),0.040972222,748.6302543,28.45075987,28.5648011,28.67884233,10.74266838,10.47535433,10.20804028,18.1264781,0.683323923,19.44108483,19.51901194,19.59693904,28.56986503,26.5237133,10.25160554,28.5648011
,SHA,Stream,Fall,15,14,14,10/28/2022,7:25:00,9.59,771.82476,30.38680157,40.72025866,12.84867569,1.26,40.730422,40.72808102,40.70227296,12.91821004,12.82769856,12.80011847,(10/28/22 07:25:00),0.043055556,748.7652013,28.56268253,28.5610409,28.54294269,10.34413995,10.2716637,10.24957919,18.18132564,0.685542274,19.58092632,19.57980091,19.56739383,28.57647635,26.52155872,10.23996373,28.55555537
,SHA,Stream,Fall,16,15,15,10/28/2022,8:24:00,9.43,772.12448,30.39860157,42.59421775,13.53671852,11.76,42.59421775,42.61219652,42.57623898,13.05532846,13.64629063,13.90853646,(10/28/22 08:24:00),0.040972222,749.0431022,29.869691,29.88229882,29.85708318,10.45393629,10.9271439,11.13713488,18.25199962,0.688393098,20.56208913,20.57076827,20.55340999,28.58021018,26.51811201,10.28143272,29.869691
,SHA,Stream,Fall,17,16,16,10/28/2022,9:25:00,9.48,772.65026,30.41930157,40.54087731,13.28764184,74.76,40.61838562,40.54087731,40.463369,13.41724326,13.30490374,13.14077852,(10/28/22 09:25:00),0.042361111,749.5571893,28.48411572,28.42976211,28.37540851,10.74373629,10.65378144,10.52235965,18.24466532,0.688058403,19.59873517,19.56133671,19.52393826,28.58145541,26.51481578,10.67140092,28.42976211
,SHA,Stream,Fall,18,17,17,10/28/2022,10:24:00,9.8,772.35054,30.40750157,42.49845434,14.40786021,69.51,42.0083092,42.98859949,42.49845434,14.39422757,14.56577613,14.26357692,(10/28/22 10:24:00),0.040972222,749.2921405,29.45881581,30.14625579,29.80253579,11.52604765,11.66341361,11.42143032,18.11110041,0.682651736,20.11011174,20.57939384,20.34475279,28.58340505,26.51552764,11.24590945,29.8025358
,SHA,Stream,Fall,19,18,18,10/28/2022,11:23:00,10.37,771.6749,30.38090157,40.04772538,14.90499609,101.01,40.04772538,40.16788339,39.92756736,14.90499609,14.96301992,14.84697225,(10/28/22 11:23:00),0.040972222,748.6822916,28.08393358,28.16819579,27.99967137,11.93504093,11.98150298,11.88857886,17.87424089,0.673071715,18.90250135,18.95921585,18.84578684,28.58951769,26.52322424,11.79932596,28.08393358
,SHA,Stream,Fall,20,19,19,10/28/2022,12:24:00,11.1,771.29898,30.36610157,39.89612578,15.45755098,69.51,40.24237615,39.89612578,39.5498754,15.60940836,15.3056936,15.45755098,(10/28/22 12:24:00),0.042361111,748.3757065,28.2204347,27.9776226,27.73481049,12.49909269,12.25589584,12.37749426,17.59027238,0.661551841,18.66928053,18.50864774,18.34801494,28.60196226,26.53964822,12.19318708,27.9776226
,SHA,Stream,Fall,21,20,20,10/28/2022,13:24:00,11.91,771.07546,30.35730157,40.26721419,15.670128,66.99,40.4461568,40.25236641,40.10311936,15.88554418,15.59117551,15.5336643,(10/28/22 13:24:00),0.041666667,748.2229727,28.36333825,28.22744049,28.12277926,12.72020595,12.4844929,12.43844131,17.28941182,0.649328852,18.41713387,18.32889153,18.26093197,28.62021113,26.56363301,12.32656783,28.23785267
,SHA,Stream,Fall,22,21,21,10/28/2022,14:24:00,12.64,771.14912,30.36020157,40.38106459,16.08997347,66.99,40.35452753,40.75075407,40.03791217,16.02683992,16.20732751,16.03575297,(10/28/22 14:24:00),0.041666667,748.3519563,28.29908216,28.57694064,28.07705196,12.83334724,12.97787104,12.84048428,17.03281802,0.638880321,18.0797267,18.25724502,17.93787597,28.64341723,26.59316109,12.41488332,28.31769159
,SHA,Stream,Fall,23,22,22,10/28/2022,15:22:00,12.98,770.8494,30.34840157,41.51205313,16.27958229,61.74,41.51205313,41.01781636,42.00628989,16.24291974,16.18287483,16.41295231,(10/28/22 15:22:00),0.040277778,748.0877717,29.11081046,28.76422118,29.45739974,13.0063712,12.95829078,13.14252324,16.90843569,0.633837717,18.45152965,18.23184828,18.671211,28.6679623,26.62175929,12.46958729,29.11081046
,SHA,Stream,Fall,24,23,23,10/28/2022,16:22:00,12.91,770.7732,30.34540157,40.20991734,15.69456054,45.99,40.14723457,40.20991734,40.27260012,15.78525863,15.89076871,15.40765428,(10/28/22 16:22:00),0.041666667,748.0083355,28.15371556,28.19767258,28.24162961,12.6399032,12.72438944,12.33753993,16.93082973,0.634755044,17.87071295,17.89861489,17.92651684,28.68952881,26.64458233,12.37542477,28.19767258
,SHA,Stream,Fall,25,24,24,10/28/2022,17:22:00,12.48,770.8494,30.34840157,40.08322954,15.28768936,35.49,40.13688825,40.08322954,40.02957082,15.3721532,15.49049963,15.00041526,(10/28/22 17:22:00),0.041666667,748.0485223,28.14646008,28.10883129,28.07120249,12.30911276,12.40387759,12.01144696,17.08203254,0.640905202,18.03921269,18.0150962,17.99097971,28.70263921,26.65590552,12.16659839,28.10883129
,SHA,Stream,Fall,26,25,25,10/28/2022,18:23:00,11.94,770.8494,30.34840157,40.33369849,14.33377908,59.01,40.25134022,40.33369849,40.41605676,14.38799073,14.33377908,14.27956744,(10/28/22 18:23:00),0.042361111,748.0059806,28.22672086,28.28447556,28.34223025,11.52105356,11.47764407,11.43423459,17.27350975,0.648697902,18.31061461,18.34807996,18.38554531,28.70546603,26.65530533,12.06933643,28.28447556
,SHA,Stream,Fall,27,26,26,10/28/2022,19:23:00,11.3,770.99926,30.35430157,40.25809975,13.65141693,1.26,40.25809975,40.27383058,40.24236891,13.65141693,13.68706105,13.61577282,(10/28/22 19:23:00),0.041666667,748.100764,28.23146106,28.24249249,28.22042962,10.93124874,10.95979045,10.90270704,17.50942532,0.658284857,18.58434331,18.59160513,18.57708148,28.69990876,26.64477785,11.82843562,28.23146106
,SHA,Stream,Fall,28,27,27,10/28/2022,20:21:00,10.78,771.5987,30.37790157,40.56383713,13.28315561,1.26,40.56383713,40.82653692,40.30113733,13.28315561,13.31479952,13.25151169,(10/28/22 20:21:00),0.040277778,748.6410616,28.44586296,28.63008424,28.26164166,10.63636682,10.66170539,10.61102824,17.71683624,0.66667747,18.96421594,19.08703213,18.84139976,28.68771582,26.62802432,11.37750633,28.44586295
,SHA,Stream,Fall,29,28,28,10/28/2022,21:22:00,10.38,771.6749,30.38090157,40.43600554,13.25630489,1.26,40.40256203,40.46944904,40.43600554,13.27654187,13.23606791,13.25630489,(10/28/22 21:22:00),0.042361111,748.6830904,28.33276691,28.37967221,28.35621957,10.63107093,10.59866177,10.61486635,17.87041341,0.672916119,19.06557554,19.09713887,19.08135721,28.67174651,26.60775453,11.03959468,28.35621956
,SHA,Stream,Fall,30,29,29,10/28/2022,22:22:00,10.11,771.74856,30.38380157,40.89003522,13.10574094,1.26,41.49679864,40.89003522,40.2832718,13.29945073,13.00824227,13.00952984,(10/28/22 22:22:00),0.041666667,748.7329682,29.10011307,28.67461316,28.24911325,10.64941499,10.41623245,10.41726346,17.97605339,0.677205164,19.70674684,19.4185961,19.13044536,28.65586334,26.58830455,10.80533701,28.67461316
,SHA,Stream,Fall,31,30,30,10/28/2022,23:23:00,9.87,771.74856,30.38380157,40.55528325,13.18732694,1.26,40.51534913,40.55755086,40.59294976,13.28317196,13.1519262,13.12688267,(10/28/22 23:23:00),0.042361111,748.7137453,28.41186018,28.44145464,28.46627853,10.63637991,10.53128605,10.51123267,18.06940659,0.680999402,19.3484598,19.3686136,19.38551866,28.64144331,26.57033231,10.63458788,28.43986445
,SHA,Stream,Fall,32,31,31,10/29/2022,0:23:00,9.68,771.52504,30.37500157,43.10066601,13.58196381,1.26,43.3226128,42.87871923,43.10066601,13.88203273,13.83085051,13.03300819,(10/29/22 00:23:00),0.041666667,748.4816603,30.38048651,30.06920097,30.22484374,11.11591226,11.07492856,10.43606353,18.13865908,0.683829405,20.77507,20.5622038,20.6686369,28.62907865,26.55469637,10.51421451,30.22484374
,SHA,Stream,Fall,33,32,32,10/29/2022,1:22:00,8.03,771.44884,30.37200157,40.34521869,13.23841145,1.26,40.34521869,40.36255839,40.32787899,13.34358682,13.31321129,13.05843626,(10/29/22 01:22:00),0.040972222,748.2745794,28.29255423,28.3047139,28.28039456,10.68475656,10.66043363,10.45642483,18.8099095,0.711101237,20.11887032,20.12751707,20.11022356,28.61984345,26.5306202,10.37997729,28.29255423
,TIP,River,Fall,1,1,1,10/27/2022,18:36:00,11.308,770.69954,30.34250157,37.64789663,13.52048498,6.51,37.64789663,37.69467429,37.60111897,13.52048498,13.4662965,13.57467347,(10/27/22 18:36:00),0,747.8105797,26.40102574,26.43382912,26.36822236,10.82640617,10.78301523,10.86979711,17.49958309,0.657905769,17.36938713,17.39096867,17.3478056,26.40102574,26.59892028,10.82640617,26.40102574
,TIP,River,Fall,2,2,2,10/27/2022,19:34:00,11.218,770.7732,30.34540157,37.7633127,14.71185275,1.26,37.83768581,37.69251506,37.75973725,14.87437728,14.55441788,14.70676311,(10/27/22 19:34:00),0.040277778,747.8749159,26.53411761,26.43231493,26.47945527,11.91052319,11.65431859,11.77630766,17.53444678,0.659318575,17.49443661,17.42731621,17.45839671,26.51577906,26.59769464,11.29720087,26.4819626
,TIP,River,Fall,3,3,3,10/27/2022,20:33:00,11.101,770.8494,30.34840157,37.77371983,14.32687941,1.26,37.80998212,37.73745755,37.77371983,14.25206939,14.40168942,14.32687941,(10/27/22 20:33:00),0.040972222,747.9395676,26.51469007,26.46383138,26.48926072,11.41221577,11.53202266,11.47211922,17.57951077,0.661145973,17.53008056,17.49645553,17.51326804,26.58759269,26.59424349,11.58571264,26.48926072
,TIP,River,Fall,4,4,4,10/27/2022,21:34:00,10.984,771.14912,30.36020157,37.83672126,15.20017201,1.26,37.83672126,37.83672126,37.83672126,14.72394643,15.20017201,15.67639758,(10/27/22 21:34:00),0.042361111,748.2210841,26.53344121,26.53344121,26.53344121,11.79006705,12.17140038,12.5527337,17.62997036,0.663176875,17.59636463,17.59636463,17.59636463,26.63168562,26.58920563,11.76822897,26.53344121
,TIP,River,Fall,5,5,5,10/27/2022,22:35:00,10.858,771.37518,30.36910157,37.77629807,14.68332931,1.26,37.77629807,37.83542243,37.71717372,14.68332931,14.79592117,14.57073744,(10/27/22 22:35:00),0.042361111,748.4304007,26.49106874,26.53253039,26.4496071,11.75754326,11.84770017,11.66738633,17.68233759,0.665290432,17.62425456,17.6518386,17.59667053,26.65665447,26.58342282,11.87835418,26.49106874
,TIP,River,Fall,6,6,6,10/27/2022,23:34:00,10.74,771.5987,30.37790157,37.93759314,15.50501647,1.26,37.93759314,37.99671172,37.87847455,15.47846366,15.53156928,15.50501647,(10/27/22 23:34:00),0.040972222,748.6378755,26.60417879,26.64563638,26.56272119,12.3942399,12.43676375,12.41550182,17.73190232,0.667290078,17.75270453,17.78036877,17.72504029,26.66953756,26.57754639,11.94313319,26.60417879
,TIP,River,Fall,7,7,7,10/28/2022,0:32:00,10.605,771.44884,30.37200157,37.97622883,14.51504622,1.26,37.97622883,37.9593721,37.99308556,14.76051511,14.51504622,14.26957733,(10/28/22 00:32:00),0.040277778,748.4817174,26.63127252,26.61945154,26.64309349,11.81934909,11.62279209,11.4262351,17.77943631,0.669233338,17.8225354,17.81462441,17.83044639,26.6754527,26.57163302,11.98103613,26.63127252
,TIP,River,Fall,8,8,8,10/28/2022,1:32:00,10.496,771.37518,30.36910157,38.22373396,14.61926719,1.26,38.24952948,38.22614054,38.19553186,14.61926719,14.61446912,14.62406526,(10/28/22 01:32:00),0.041666667,748.4015581,26.82292778,26.80652601,26.78506132,11.70624609,11.70240408,11.7100881,17.81911785,0.670851834,17.99421029,17.98320714,17.96880751,26.67740246,26.56573055,12.00431517,26.80483837
,TIP,River,Fall,9,9,9,10/28/2022,2:33:00,10.36,771.44884,30.37200157,38.00126308,14.31056638,1.26,38.09326984,37.90925632,38.00126308,14.0386449,14.58248786,14.31056638,(10/28/22 02:33:00),0.042361111,748.4621687,26.71334889,26.58430726,26.64882807,11.24131804,11.67679538,11.45905671,17.87276589,0.673027642,17.97882221,17.89197363,17.93539792,26.67664212,26.55986216,12.01661825,26.64882807
,TIP,River,Fall,10,10,10,10/28/2022,3:31:00,10.214,771.52504,30.37500157,38.03252578,15.51161355,1.26,38.03252578,38.03252578,38.03252578,15.76631569,15.2569114,15.51161355,(10/28/22 03:31:00),0.040277778,748.5244317,26.67075141,26.67075141,26.67075141,12.62473481,12.21683393,12.42078438,17.93062929,0.675374463,18.01274441,18.01274441,18.01274441,26.67370948,26.55378932,12.02224929,26.67075141
,TIP,River,Fall,11,12,12,10/28/2022,5:31:00,9.967,771.37518,30.36910157,37.88433914,14.23817314,1.26,37.914176,37.90362485,37.83521657,14.14373748,14.5308861,14.03989582,(10/28/22 05:31:00),0.083333333,748.3592791,26.58775725,26.58035813,26.53238603,11.32546997,11.63547573,11.2423197,18.0227316,0.679128569,18.05650553,18.05148058,18.01890136,26.66519151,26.5414981,12.01656454,26.5668338
,TIP,River,Fall,12,13,13,10/28/2022,6:32:00,9.839,771.6749,30.38090157,37.90855023,14.43896029,1.26,37.93504833,37.88205213,37.90855023,14.32803763,14.27339565,14.71544759,(10/28/22 06:32:00),0.042361111,748.6397988,26.60239421,26.56523001,26.58381211,11.47304665,11.42929258,11.78326168,18.07978606,0.681426389,18.12757343,18.10224876,18.11491109,26.66014435,26.53559015,12.01797588,26.58381211
,TIP,River,Fall,13,14,14,10/28/2022,7:35:00,9.729,771.89842,30.38970157,38.06968961,14.37525906,1.26,38.0559912,37.98835784,38.16471979,14.25437828,14.50961217,14.36178673,(10/28/22 07:35:00),0.04375,748.8478216,26.68720681,26.63977812,26.763454,11.41406459,11.61844083,11.50007094,18.12825214,0.683380388,18.23751375,18.20510192,18.28961959,26.65485318,26.5297208,12.01829013,26.69681298
,TIP,River,Fall,14,15,15,10/28/2022,8:35:00,9.61,772.12448,30.39860157,38.02893681,13.36135837,17.01,38.03786043,38.02001318,38.02893681,13.52923415,13.19348258,13.36135837,(10/28/22 08:35:00),0.041666667,749.0575737,26.67449239,26.6619768,26.6682346,10.83341199,10.56456195,10.69898697,18.18056021,0.685490235,18.28510406,18.27652474,18.2808144,26.64990702,26.52439044,12.03986454,26.6682346
,TIP,River,Fall,15,16,16,10/28/2022,9:35:00,9.619,772.57406,30.41630157,37.97521383,12.85724439,90.51,37.87068376,38.0797439,37.97521383,12.78765474,12.92683404,12.85724439,(10/28/22 09:35:00),0.041666667,749.4944462,26.55725781,26.70386366,26.63056073,10.23959897,10.35104554,10.29532226,18.18771438,0.685749544,18.21162744,18.31216234,18.26189489,26.64629726,26.52062141,12.18323922,26.63056073
,TIP,River,Fall,16,17,17,10/28/2022,10:33:00,9.702,772.35054,30.40750157,38.75132396,14.49358987,64.26,38.75132396,38.4512702,38.15121643,14.49358987,14.7661021,14.22107764,(10/28/22 10:33:00),0.040277778,749.2842719,27.174817,26.96440081,26.75398461,11.60561111,11.82382282,11.38739941,18.14963137,0.684217589,18.59348777,18.44951731,18.30554684,26.64615459,26.52044643,12.34588671,26.96440081
,TIP,River,Fall,17,18,18,10/28/2022,11:32:00,9.977,771.52504,30.37500157,38.13916142,14.83398767,74.76,38.13916142,38.15960763,38.11871521,14.83398767,14.80693189,14.86104346,(10/28/22 11:32:00),0.040972222,748.5054685,26.74553089,26.75986903,26.73119275,11.87818158,11.8565169,11.89984626,18.02238494,0.679103981,18.16299649,18.17273358,18.1532594,26.65141622,26.5258439,12.43089168,26.74553089
,TIP,River,Fall,18,19,19,10/28/2022,12:34:00,10.314,771.22532,30.36320157,38.13511547,15.30386323,69.51,38.18313217,38.13749413,38.0847201,15.27069357,15.37558731,15.26530881,(10/28/22 12:34:00),0.043055556,748.2416358,26.77636589,26.74436168,26.70735328,12.22786988,12.31186259,12.22355808,17.88514565,0.673546605,18.03513035,18.01357403,17.98864714,26.66308688,26.53771899,12.48854994,26.74269362
,TIP,River,Fall,19,20,20,10/28/2022,13:33:00,10.722,771.37518,30.36910157,37.75898049,15.44435837,66.99,37.70517547,37.69129886,37.88046714,15.41011375,15.49371849,15.42924288,(10/28/22 13:33:00),0.040972222,748.4195733,26.44119319,26.43146206,26.56411852,12.33950933,12.40645507,12.35482681,17.73348446,0.667370168,17.64606355,17.63956928,17.72810024,26.67834048,26.55326694,12.52728277,26.47892459
,TIP,River,Fall,20,21,21,10/28/2022,14:34:00,11.02,771.07546,30.35730157,38.28019005,15.50153365,64.26,38.13390627,38.3296421,38.37702177,15.37368237,15.58425874,15.54665985,(10/28/22 14:34:00),0.042361111,748.1524749,26.74184566,26.87910768,26.91233323,12.31033723,12.47895436,12.44884738,17.61484815,0.662567105,17.71826726,17.80921257,17.83122672,26.6955911,26.57075553,12.53959214,26.84442886
,TIP,River,Fall,21,22,22,10/28/2022,15:34:00,11.209,770.69954,30.34250157,38.22437989,15.69543211,61.74,38.00221648,38.22437989,38.4465433,15.69543211,15.58108261,15.80978161,(10/28/22 15:34:00),0.041666667,747.8027304,26.64949666,26.80529133,26.96108601,12.56797543,12.4764111,12.65953976,17.53607171,0.65938988,17.57240839,17.67513782,17.77786726,26.71015534,26.58546257,12.54209359,26.80529133
,TIP,River,Fall,22,23,23,10/28/2022,16:32:00,11.245,770.7732,30.34540157,37.90219411,16.253121,43.26,37.88479927,37.90219411,37.91958896,16.36466255,16.24807294,16.14662753,(10/28/22 16:32:00),0.040277778,747.8770572,26.56715647,26.57935481,26.59155315,13.10385565,13.01049758,12.92926608,17.52448337,0.658913337,17.50545373,17.51349137,17.52152902,26.71947362,26.59480333,12.51657482,26.57935481
,TIP,River,Fall,23,24,24,10/28/2022,17:34:00,11.335,770.8494,30.34840157,37.80871978,16.0450274,30.24,37.83487834,37.78256121,37.80871978,16.03315677,16.05689804,16.0450274,(10/28/22 17:34:00),0.043055556,747.9581292,26.53214884,26.49546084,26.51380484,12.8384054,12.857416,12.8479107,17.49310454,0.657631634,17.4483804,17.42425321,17.4363168,26.7250872,26.60050832,12.44582551,26.51380484
,TIP,River,Fall,24,25,25,10/28/2022,18:32:00,11.389,770.69954,30.34250157,38.27255858,16.49931312,27.51,38.04979336,38.27255858,38.49532381,16.25107821,16.35102734,16.89583381,(10/28/22 18:32:00),0.040277778,747.8169978,26.6828605,26.8390772,26.99529391,13.01290402,13.09293738,13.52918624,17.46983897,0.656695912,17.52252542,17.62511229,17.72769916,26.72869461,26.60417283,12.38879488,26.8390772
,TIP,River,Fall,25,26,26,10/28/2022,19:33:00,11.415,771.22532,30.36320157,38.05986208,16.08009507,1.26,38.04308731,38.05986208,38.07663685,16.08009507,16.15592024,16.0042699,(10/28/22 19:33:00),0.042361111,748.3292279,26.6781578,26.68992131,26.70168481,12.87599082,12.93670714,12.8152745,17.47238726,0.656762278,17.5212077,17.52893353,17.53665935,26.7307538,26.60628151,12.30529064,26.68992131
,TIP,River,Fall,26,27,27,10/28/2022,20:31:00,11.362,771.6749,30.38090157,38.53145203,16.33765145,1.26,38.53145203,38.53145203,38.53145203,16.70583264,16.04524921,16.26187249,(10/28/22 20:31:00),0.040277778,748.7612571,27.02062925,27.02062925,27.02062925,13.37704452,12.84808831,13.02154744,17.50216622,0.657941703,17.77799883,17.77799883,17.77799883,26.73044408,26.60597723,12.21883111,27.02062925
,TIP,River,Fall,27,28,28,10/28/2022,21:31:00,11.182,771.6749,30.38090157,38.16025558,15.47829376,1.26,38.16025558,38.17217329,38.14833786,15.57329277,15.64958921,15.2119993,(10/28/22 21:31:00),0.041666667,748.746969,26.76032342,26.76868085,26.75196598,12.47017345,12.53126714,12.18087097,17.5685539,0.66064194,17.67899197,17.68451324,17.67347069,26.72662214,26.60204718,12.15893552,26.76032342
,TIP,River,Fall,28,29,29,10/28/2022,22:31:00,11.038,771.74856,30.38380157,38.0259348,15.82792779,1.26,38.04017378,38.0259348,38.01169583,15.8868647,15.85037288,15.7465458,(10/28/22 22:31:00),0.041666667,748.806996,26.67611466,26.66612941,26.65614416,12.72126334,12.69204285,12.60890425,17.62372374,0.662880474,17.68307553,17.6764565,17.66983748,26.72006781,26.59539855,12.12100498,26.66612941
,TIP,River,Fall,29,30,30,10/28/2022,23:32:00,10.885,771.74856,30.38380157,38.35724386,16.41466742,1.26,37.91899374,38.35724386,38.79549399,16.19488874,16.55761225,16.49150126,(10/28/22 23:32:00),0.042361111,748.7948238,26.59113574,26.89846374,27.20579175,12.96791081,13.25835838,13.2054206,17.68088473,0.665204994,17.6885563,17.89299242,18.09742855,26.7126678,26.58788107,12.09525437,26.89846374
,TIP,River,Fall,30,31,31,10/29/2022,0:34:00,10.749,771.52504,30.37500157,37.84591754,16.61670544,1.26,37.84591754,37.84591754,37.84591754,16.26533642,16.61670544,16.96807446,(10/29/22 00:34:00),0.043055556,748.5671244,26.53989021,26.53989021,26.53989021,13.02432115,13.30567672,13.58703229,17.7267957,0.667087631,17.70443249,17.70443249,17.70443249,26.70523075,26.58032071,12.07761503,26.53989021
,TIP,River,Fall,31,32,32,10/29/2022,1:31:00,10.632,771.44884,30.37200157,37.89250202,15.64069699,1.26,37.89250202,37.89093917,37.89406487,15.64069699,15.87484338,15.40655059,(10/29/22 01:31:00),0.039583333,748.4838697,26.57255812,26.57146215,26.57365408,12.52414677,12.71163738,12.33665616,17.7692089,0.668817511,17.77219219,17.77145919,17.77292519,26.69891339,26.5738906,12.06658004,26.57255812
,SHA,Stream,Spring,1,0,2,5/3/2023,18:55:00,13.3,759.7496,29.91140157,39.73442586,20.48435295,847.3029679,39.12572217,39.64432451,40.43323092,20.62302061,20.31541929,20.51461896,(05/03/23 18:55:00),0,737.3404145,27.4373681,27.80104403,28.35427383,16.51369739,16.26738841,16.42689575,16.55349898,0.620183793,17.01621101,17.24175693,17.58486109,27.86422865,26.69127954,16.40266052,27.86422865
,SHA,Stream,Spring,2,1,3,5/3/2023,19:55:00,10,760.19918,29.92910157,39.59635657,18.45673651,182.0401312,39.57593335,39.6167798,39.59635657,18.12934888,18.50338122,18.73747942,(05/03/23 19:55:00),0.041666667,737.5193466,27.75308393,27.78172798,27.76740595,14.51691229,14.8164153,15.00386732,17.74571687,0.668652708,18.55717471,18.57632763,18.56675117,27.97638819,26.64763758,14.93674447,27.76740595
,SHA,Stream,Spring,3,2,4,5/3/2023,20:55:00,7.4,760.64876,29.94680157,39.40264848,16.47842653,28.04608225,39.35939907,39.59627051,39.25227587,16.58740956,16.45050346,16.39736656,(05/03/23 20:55:00),0.041666667,737.7484019,27.60123675,27.7673456,27.52611536,13.28221831,13.17259199,13.13004309,18.80972661,0.711837536,19.64759634,19.76583886,19.59412212,27.98801523,26.55339195,13.4148464,27.6315659
,SHA,Stream,Spring,4,3,5,5/3/2023,21:55:00,7.6,760.87228,29.95560157,40.42746772,14.99589098,0,40.11536154,39.83498914,39.55461674,14.85073613,15.3590436,14.77789319,(05/03/23 21:55:00),0.041666667,737.981263,28.13136423,27.93474982,27.73813541,11.89159275,12.29861537,11.83326443,18.73005978,0.7085881,19.93354992,19.79423128,19.65491265,27.96090818,26.47449398,12.34019788,27.93474982
,SHA,Stream,Spring,5,4,6,5/3/2023,22:55:00,6,761.02468,29.96160157,41.29335295,14.44814875,0,39.67011848,40.48173572,41.29335295,13.85460324,14.59562112,14.89422189,(05/03/23 22:55:00),0.041666667,737.9998531,27.81913235,28.38828839,28.95744442,11.09394834,11.68731171,11.92641358,19.43707465,0.737271238,20.51024614,20.92986851,21.34949089,27.95678421,26.41946388,11.57172777,28.38828839
,SHA,Stream,Spring,6,5,7,5/3/2023,23:55:00,6.1,760.79862,29.95270157,40.36396574,13.92380098,0,40.70951071,40.36396574,40.01842078,13.74116134,14.52370768,13.50653392,(05/03/23 23:55:00),0.041666667,737.7887494,28.54801825,28.30570082,28.06338339,11.00311077,11.62972768,10.81523498,19.38586267,0.735208794,20.98875406,20.81060015,20.63244625,27.93551055,26.37453795,11.09076889,28.30570082
,SHA,Stream,Spring,7,6,8,5/4/2023,0:55:00,5.1,760.87228,29.95560157,40.3984348,13.32476767,0,40.3984348,40.20837582,40.58849378,14.23076286,13.05223965,12.69130051,(05/04/23 00:55:00),0.041666667,737.7787466,28.32987265,28.19659157,28.46315372,11.39515476,10.45146295,10.1624442,19.85070223,0.754061248,21.36245912,21.26195703,21.46296121,27.93084625,26.34313129,10.73098223,28.32987265
,SHA,Stream,Spring,8,7,9,5/4/2023,1:55:00,3.2,760.94848,29.95860157,40.31508615,13.01015007,0,39.93628163,40.04295288,39.82961038,13.06380231,12.90729492,13.05935299,(05/04/23 01:55:00),0.041666667,737.6962932,28.00578236,28.08058681,27.9309779,10.46072165,10.33539977,10.45715889,20.79090978,0.792183307,22.18571327,22.24497212,22.12645443,27.9148079,26.29695245,10.4417275,28.00578236
,SHA,Stream,Spring,9,8,10,5/4/2023,2:55:00,5.2,761.02468,29.96160157,40.13282686,12.95676749,0,40.35296711,39.87901501,40.16649844,12.86978253,12.98019967,13.02032029,(05/04/23 02:55:00),0.041666667,737.9346921,28.2979879,27.96562347,28.16722457,10.30536206,10.39377759,10.42590381,19.80748964,0.752298114,21.28852294,21.03848581,21.19014994,27.88071139,26.2730574,10.35742882,28.14361198
,SHA,Stream,Spring,10,9,11,5/4/2023,3:55:00,4.5,761.02468,29.96160157,40.32803048,12.78452902,0,40.06615797,40.07773569,40.08931341,12.92388209,13.19942025,12.23028471,(05/04/23 03:55:00),0.041666667,737.877373,28.09685965,28.10497866,28.11309767,10.34868179,10.56931649,9.79328996,20.14248582,0.765885198,21.51896893,21.52518716,21.53140539,27.89860382,26.27778539,10.22670851,28.10497866
,SHA,Stream,Spring,11,10,12,5/4/2023,4:55:00,5.3,761.3244,29.97340157,40.22386642,13.5026147,0,40.58595663,39.86177622,40.22386642,13.01947929,12.97452821,14.51383661,(05/04/23 04:55:00),0.041666667,738.2334869,28.46137451,27.95353457,28.20745454,10.42523039,10.38923622,11.62182351,19.76832628,0.750689181,21.36564593,20.98441598,21.17503096,27.90252323,26.28449624,10.18085059,28.20745454
,SHA,Stream,Spring,12,11,13,5/4/2023,5:55:00,5.9,761.54792,29.98220157,39.92573064,12.94980422,0,40.04423377,39.82919653,39.90376162,12.84772758,12.85361492,13.14807017,(05/04/23 05:55:00),0.041666667,738.4991319,28.08148505,27.93068768,27.98297732,10.28770176,10.29241599,10.52819837,19.49619214,0.739634131,20.7700248,20.65848992,20.69716512,27.9217279,26.30634176,10.15292291,27.99838335
,SHA,Stream,Spring,13,13,15,5/4/2023,7:55:00,5.7,761.84764,29.99400157,40.27402063,13.83773525,226.1081865,39.71132496,40.27402063,40.83671629,13.687887,13.9875835,13.83773525,(05/04/23 07:55:00),0.083333333,738.7734958,27.84802887,28.24262576,28.63722264,10.96045182,11.20043109,11.08044145,19.59582569,0.743655896,20.70935086,21.00279517,21.29623946,27.95940319,26.3377128,10.20082723,28.24262576
,SHA,Stream,Spring,14,14,16,5/4/2023,8:55:00,8.2,762.22356,30.00880157,39.54082723,14.9633564,1817.837797,39.64343311,39.55559795,39.42345062,14.97354663,14.99331451,14.92320805,(05/04/23 08:55:00),0.041666667,739.3400514,27.80041892,27.73882349,27.64615364,11.98993215,12.0057611,11.94962399,18.51182212,0.699634118,19.45012157,19.4070273,19.34219231,27.96833752,26.3713562,11.48175937,27.72846535
,SHA,Stream,Spring,15,15,17,5/4/2023,9:55:00,10.4,762.74934,30.02950157,40.13088343,16.41475998,2000,40.37091505,39.95389571,40.06783953,16.83169035,16.78770997,15.62487962,(05/04/23 09:55:00),0.041666667,740.0250434,28.3105741,28.01813444,28.09803887,13.47782394,13.44260705,12.51148116,17.65351379,0.664726031,18.81877557,18.62438331,18.67749786,28.02181471,26.4480509,13.48600889,28.14224914
,SHA,Stream,Spring,16,16,18,5/4/2023,10:55:00,13.6,762.67314,30.02650157,39.51273187,17.97563575,2000,39.44802724,39.50140426,39.58876411,18.16987564,18.01854908,17.73848254,(05/04/23 10:55:00),0.041666667,740.200908,27.66338828,27.70081954,27.76208165,14.54936372,14.42819035,14.2039296,16.51805192,0.618528705,17.11059973,17.13375204,17.17164441,28.10007001,26.56042395,15.03143694,27.70876316
,SHA,Stream,Spring,17,17,19,5/4/2023,11:55:00,14.4,762.8992,30.03540157,40.03883839,18.77501204,2000,39.56684823,39.60787974,39.64891125,18.96581801,18.52675892,18.83245918,(05/04/23 11:55:00),0.041666667,740.4819182,27.74671288,27.77548671,27.80426053,15.18670738,14.83513478,15.0799215,16.26166541,0.608065135,16.87180871,16.88930507,16.90680143,28.19872024,26.67052654,16.08268123,27.77548671
,SHA,Stream,Spring,18,18,20,5/4/2023,12:55:00,18.2,762.823,30.03240157,40.45483471,20.80352968,2000,40.45483471,40.12930841,39.8037821,20.90326284,20.72020374,20.78712246,(05/04/23 12:55:00),0.041666667,740.6960287,28.36942374,28.14114463,27.91286552,16.73809882,16.5915159,16.64510046,15.12426578,0.561637431,15.93333026,15.80512017,15.67691007,28.27999881,26.79056593,16.79666201,28.14114463
,SHA,Stream,Spring,19,19,21,5/4/2023,13:55:00,18.7,762.74934,30.02950157,39.31635043,21.35628015,2000,39.49926968,39.14479767,39.30498394,20.54423587,21.73891468,21.7856899,(05/04/23 13:55:00),0.041666667,740.6618556,27.69932264,27.45074502,27.5630775,16.45061122,17.40723948,17.44469432,14.98523927,0.555955871,15.39960104,15.26140285,15.32385476,28.389173,26.90615768,17.26744376,27.57104839
,SHA,Stream,Spring,20,20,22,5/4/2023,14:55:00,18.9,762.52328,30.02060157,39.43783289,22.58571361,2000,39.48149717,39.27480027,39.55720124,22.37957039,22.63009198,22.74747847,(05/04/23 14:55:00),0.041666667,740.4572422,27.68685946,27.54191085,27.73994782,17.92023875,18.12084165,18.21483782,14.92641627,0.553566089,15.3265065,15.24626786,15.35589441,28.44379614,26.96479272,17.56715761,27.65623938
,SHA,Stream,Spring,21,21,23,5/4/2023,15:55:00,18.9,762.44962,30.01770157,39.71355661,22.80980782,2000,39.47966747,39.60370039,40.05730197,22.59056594,22.87137251,22.967485,(05/04/23 15:55:00),0.041666667,740.3857138,27.68557636,27.77255589,28.09064928,18.08919153,18.31404485,18.39100606,14.92494178,0.553511405,15.32428227,15.37242643,15.54849475,28.46453036,26.98754831,17.75284339,27.84959384
,SHA,Stream,Spring,22,22,24,5/4/2023,16:55:00,20.5,762.14736,30.00580157,39.86749868,22.1500639,2000,40.41710209,39.76197893,39.42341503,22.01038371,21.99944653,22.44036146,(05/04/23 16:55:00),0.041666667,740.2106255,28.3429633,27.88355056,27.64612868,17.62461585,17.61585801,17.96891665,14.49898422,0.536087676,15.19431334,14.94802783,14.82074888,28.47771277,27.01631758,17.85160086,27.95754751
,SHA,Stream,Spring,23,24,26,5/4/2023,18:50:00,17.5,762.14736,30.00580157,39.64646724,20.25029064,593.1181811,39.6829319,39.61395576,39.64251406,20.13095017,20.3267053,20.29321644,(05/04/23 18:50:00),0.079861111,739.9875252,27.82811791,27.77974759,27.79977443,16.11967643,16.27642558,16.24960968,15.30738185,0.569175023,15.83906966,15.81153848,15.82293726,28.49539661,26.9911558,14.72659992,27.80254664
,SHA,Stream,Spring,24,25,27,5/4/2023,19:50:00,15.8,762.14736,30.00580157,40.14661792,17.96509307,209.1096361,39.75933687,40.14661792,40.53389896,17.97447493,18.24584101,17.67496327,(05/04/23 19:50:00),0.041666667,739.8590758,27.88169778,28.15328313,28.42486847,14.39289837,14.61019231,14.15306711,15.80777744,0.589609636,16.43931767,16.59944701,16.75957634,28.42537218,26.91428967,13.62386259,28.15328313
,SHA,Stream,Spring,25,26,28,5/4/2023,20:50:00,13.1,762.52328,30.02060157,40.03653698,15.24376281,34.02761883,40.37396541,39.85749806,39.87814747,15.49379475,15.20895483,15.02853887,(05/04/23 20:50:00),0.041666667,740.0168035,28.3127132,27.95053446,27.9650151,12.40651613,12.17843314,12.03396669,16.68231035,0.625229455,17.70194225,17.47549743,17.48455116,28.3475543,26.81573622,12.51481482,28.07608759
,SHA,Stream,Spring,26,27,29,5/4/2023,21:50:00,10.8,763.04906,30.04130157,40.78236741,13.27871037,0,40.96018129,40.74047169,40.64644926,13.29443549,13.35678935,13.18490627,(05/04/23 21:50:00),0.041666667,740.3473771,28.72380391,28.56973,28.50379567,10.64539908,10.69532837,10.55769455,17.51050938,0.658890914,18.9258534,18.8243355,18.78089197,28.25422447,26.70241085,11.6684254,28.59910986
,SHA,Stream,Spring,27,28,30,5/4/2023,22:50:00,9.8,763.19892,30.04720157,40.70278201,12.33252587,0,40.76478771,40.70278201,40.64077632,12.09040422,12.8707733,12.0364001,(05/04/23 22:50:00),0.041666667,740.4137406,28.58678189,28.54329967,28.49981746,9.681281921,10.30615541,9.63803861,17.89387046,0.674463807,19.28074974,19.25142256,19.22209538,28.16605001,26.60541784,11.13310231,28.54329967
,SHA,Stream,Spring,28,29,31,5/4/2023,23:50:00,9,763.19892,30.04720157,40.43245915,13.57200035,0,40.1299546,39.99316006,40.06155733,14.49972399,13.61319882,12.60307823,(05/04/23 23:50:00),0.041666667,740.350113,28.14159778,28.04566902,28.0936334,11.61052295,10.90064594,10.091801,18.20940557,0.687284055,19.34127143,19.27534112,19.30830628,28.10593394,26.53702002,10.78959462,28.0936334
,SHA,Stream,Spring,29,30,32,5/5/2023,0:50:00,8.5,763.19892,30.04720157,40.57330338,12.12616796,0,40.38348428,40.57330338,40.76312248,11.84792908,12.72047062,11.81010418,(05/05/23 00:50:00),0.041666667,740.310165,28.31938842,28.45250127,28.58561413,9.487122144,10.1858019,9.456834197,18.41208651,0.695516416,19.69659954,19.78918171,19.88176389,28.0643462,26.4893935,10.56876796,28.45250127
,SHA,Stream,Spring,30,32,34,5/5/2023,2:50:00,7.4,763.27258,30.05010157,40.3922064,12.325588,0,40.33377415,40.3922064,40.45063865,11.76315084,13.10063165,12.11298151,(05/05/23 02:50:00),0.083333333,740.2932282,28.28452861,28.32550491,28.3664812,9.419236735,10.49021241,9.699360482,18.87529497,0.714318912,20.20417372,20.23344386,20.262714,28.02400416,26.42725091,10.27202094,28.32550491
,SHA,Stream,Spring,31,33,35,5/5/2023,3:50:00,7.8,763.34878,30.05310157,40.34029215,12.56191663,0,40.34761606,40.33296823,40.34029215,12.15036873,12.17746618,13.35791498,(05/05/23 03:50:00),0.041666667,740.3993572,28.29423541,28.28396345,28.28909944,9.729297961,9.750995999,10.69622971,18.70688164,0.707476614,20.01750986,20.01024269,20.01387628,28.00583528,26.41415414,10.23946807,28.28909943
,SHA,Stream,Spring,32,35,37,5/5/2023,5:50:00,4.4,764.02442,30.07970157,41.05657701,13.32399248,0,40.4789621,41.69197596,40.99879299,12.35654943,13.33783501,14.277593,(05/05/23 05:50:00),0.083333333,740.7776289,28.38634335,29.23698344,28.75088082,9.894395293,10.68015085,11.43265357,20.27146517,0.770913221,21.88340737,22.53917706,22.16443412,28.00074959,26.35285254,9.962973637,28.79140254
,SHA,Stream,Spring,33,36,38,5/5/2023,6:50:00,7.3,764.09808,30.08260157,40.28795775,13.3660679,3.143358511,40.54660589,40.33389922,39.98336814,12.73358813,13.55355929,13.81105627,(05/05/23 06:50:00),0.041666667,741.0857976,28.43377935,28.28461632,28.03880232,10.19630562,10.85289012,11.0590785,18.93900365,0.716848328,20.38270717,20.2757799,20.09956855,27.95123435,26.33917107,10.08938254,28.25239933
,TIP,River,Spring,1,0,2,5/3/2023,19:15:00,11.2,759.82326,29.91430157,37.78077707,21.96380494,786.0227359,37.61539767,37.72511146,38.00182208,22.05353404,21.94197798,21.89590282,(05/03/23 19:15:00),0,737.2488714,26.37823546,26.45517354,26.64922008,17.65916809,17.56984058,17.53294632,17.28853376,0.650092039,17.14828088,17.1982977,17.32444582,26.49420969,26.59397858,17.58731833,26.49420969
,TIP,River,Spring,2,1,3,5/3/2023,20:08:00,9.7,760.27284,29.93200157,39.00364877,22.37201878,148.2566567,37.34686723,37.6016423,37.85641736,22.63697939,22.80460823,21.67446873,(05/03/23 20:08:00),0.036805556,737.5671146,26.18992537,26.36858935,26.54725333,18.12635668,18.26058396,17.35563497,17.8631349,0.673419322,17.6368018,17.75711757,17.87743335,26.50351504,26.59486012,17.54699734,26.36858935
,TIP,River,Spring,3,2,4,5/3/2023,21:07:00,8,760.72242,29.94970157,38.9454595,22.20947076,5.798428321,38.52607708,38.1299755,37.73387392,22.9688634,22.46179894,21.19774994,(05/03/23 21:07:00),0.040972222,737.8679788,27.01686,26.73908916,26.46131831,18.3921098,17.98608252,16.97390671,18.55803467,0.701614215,18.95541301,18.76052504,18.56563706,26.51605974,26.59786136,17.40724176,26.73908916
,TIP,River,Spring,4,3,5,5/3/2023,22:07:00,8,760.87228,29.95560157,37.97843192,22.71107646,0,37.89009413,38.08753134,37.95767031,22.78282292,22.5924836,22.75792284,(05/03/23 22:07:00),0.041666667,738.0133365,26.57086955,26.7093247,26.61825814,18.24313957,18.09072708,18.22320106,18.56173078,0.701753951,18.6462127,18.74337415,18.67946783,26.53017241,26.60213175,17.25051319,26.63281746
,TIP,River,Spring,5,4,6,5/3/2023,23:05:00,6.9,761.02468,29.96160157,38.2306007,21.6393432,0,38.34323663,38.10646643,38.24209903,21.9983716,21.07967056,21.83998744,(05/03/23 23:05:00),0.040277778,738.0727211,26.88864101,26.72260315,26.81771709,17.61499726,16.87935571,17.48817258,19.03553185,0.72097704,19.38609282,19.26638333,19.3349583,26.54468205,26.60693952,17.10073817,26.80965375
,TIP,River,Spring,6,6,8,5/4/2023,1:05:00,6.3,760.87228,29.95560157,39.38036188,20.84663078,0,38.63271089,38.33949607,38.48610348,20.82891165,21.45294789,20.25803281,(05/04/23 01:05:00),0.083333333,737.8763998,27.0916382,26.8860179,26.98882805,16.67856278,17.17825416,16.22143671,19.29757469,0.731621445,19.82082349,19.67038727,19.74560538,26.57772653,26.61938383,16.79726918,26.98882805
,TIP,River,Spring,7,7,9,5/4/2023,2:04:00,5.4,761.02468,29.96160157,38.52562702,21.13642118,0,38.65816854,38.54086662,38.37784591,21.21559498,21.84567707,20.34799148,(05/04/23 02:04:00),0.040972222,737.9510169,27.10949067,27.02723134,26.91291117,16.98819596,17.4927285,16.2934703,19.71366271,0.748492117,20.29124007,20.2296696,20.14410185,26.59530742,26.62655835,16.65127003,27.01654439
,TIP,River,Spring,8,8,10,5/4/2023,3:05:00,5.7,761.02468,29.96160157,42.173615,21.48144728,0,38.72968424,38.71204994,38.40094196,22.27713547,21.44405736,20.72314901,(05/04/23 03:05:00),0.042361111,737.9754609,27.15964189,27.14727563,26.92910754,17.83821491,17.17113515,16.5938743,19.57445971,0.742845064,20.17540591,20.16621969,20.0041546,26.61436467,26.63466845,16.50241927,27.07867502
,TIP,River,Spring,9,9,11,5/4/2023,4:05:00,5.7,761.02468,29.96160157,38.70282373,20.32806483,0,38.80119993,38.88323325,38.42403801,20.2118749,20.1032304,20.66908918,(05/04/23 04:05:00),0.041666667,737.9754609,27.2097931,27.26731992,26.94530392,16.18447618,16.09748007,16.55058638,19.57445971,0.742845064,20.21266049,20.255394,20.016186,26.63329591,26.64262921,16.35814429,27.14080565
,TIP,River,Spring,10,10,12,5/4/2023,5:05:00,6.4,761.39806,29.97630157,38.27255345,20.62398502,0,38.24703051,38.28479996,38.28582988,20.2961835,20.84030649,20.73546506,(05/04/23 05:05:00),0.041666667,738.3943952,26.82117535,26.84766161,26.84838386,16.25198553,16.68768709,16.60373627,19.26621193,0.730312935,19.58785129,19.60719455,19.60772201,26.65231779,26.65047824,16.215948,26.83907361
,TIP,River,Spring,11,11,13,5/4/2023,6:05:00,6.8,761.54792,29.98220157,39.65761934,20.03406371,0,38.46414716,38.06984612,38.26699664,19.43988582,20.3916266,20.27067872,(05/04/23 06:05:00),0.041666667,738.5721013,26.97343092,26.69692273,26.83517683,15.5663129,16.32841073,16.2315628,19.09262807,0.723258458,19.50876207,19.30877518,19.40876862,26.67105447,26.65783335,16.0757902,26.83517683
,TIP,River,Spring,12,12,14,5/4/2023,7:05:00,6.3,761.77398,29.99110157,38.40903726,20.1536468,52.06378271,39.15130621,38.31131494,37.76449064,19.64186302,20.48062225,20.33845513,(05/04/23 07:05:00),0.041666667,738.7508477,27.45530921,26.86625555,26.48278864,15.72804431,16.39967319,16.28583415,19.32066765,0.73249696,20.11093052,19.67945051,19.39856217,26.69013813,26.66532785,15.943101,26.93478447
,TIP,River,Spring,13,14,16,5/4/2023,9:10:00,10.2,762.37342,30.01470157,38.26275853,19.02761801,1956.664378,38.2928818,38.3657769,38.12961689,19.51386475,18.7600585,18.80893078,(05/04/23 09:10:00),0.086805556,739.6445326,26.8533291,26.90444763,26.73883768,15.62555086,15.02194731,15.06108135,17.72058942,0.667479007,17.92403345,17.958154,17.84761283,26.72809583,26.6783453,15.87444598,26.8322048
,TIP,River,Spring,14,16,18,5/4/2023,11:05:00,12.9,762.67314,30.02650157,38.32188065,18.61188844,2000,38.38474128,38.19126849,38.38963218,18.50270089,19.15909109,18.17387335,(05/04/23 11:05:00),0.079861111,740.1467359,26.91774663,26.78207158,26.92117643,14.81587053,15.34146905,14.55256485,16.75362201,0.628122337,16.90763791,16.82241739,16.90979225,26.7554409,26.68186684,16.03592615,26.87366488
,TIP,River,Spring,15,17,19,5/4/2023,12:05:00,14.7,762.8992,30.03540157,38.15153521,20.98127324,2000,37.93956234,37.9023622,37.92096227,20.89152357,21.39976664,20.65252951,(05/04/23 12:05:00),0.041666667,740.5049354,26.60555971,26.57947268,26.5925162,16.72869871,17.13566975,16.53732637,16.16577071,0.604155997,16.07390845,16.05814782,16.06602814,26.76680338,26.68047561,16.32447838,26.5925162
,TIP,River,Spring,16,18,20,5/4/2023,13:10:00,16,762.823,30.03240157,39.91519425,21.14202775,2000,38.08813194,38.12750838,38.10782016,21.72643527,20.38926466,21.31038331,(05/04/23 13:10:00),0.045138889,740.5301597,26.70974587,26.73735906,26.72355247,17.39724671,16.32651942,17.06409686,15.761415,0.587667455,15.69644839,15.71267576,15.70456208,26.77680234,26.67641296,16.59747666,26.72355247
,TIP,River,Spring,17,19,21,5/4/2023,14:05:00,19.1,762.67314,30.02650157,38.14840384,21.3502866,2000,38.40420656,38.13182401,37.90918095,21.32530528,20.8562833,21.86927121,(05/04/23 14:05:00),0.038194444,740.6176488,26.93139688,26.74038545,26.58425441,17.07604549,16.70048038,17.51162129,14.87552623,0.551471624,14.85190118,14.74656379,14.66046196,26.78217823,26.66964119,16.89123856,26.75201225
,TIP,River,Spring,18,20,22,5/4/2023,15:05:00,18.7,762.59948,30.02360157,39.00770101,22.97864988,2000,38.46741854,38.48073439,38.49405023,21.64008084,22.01612562,21.82810323,(05/04/23 15:05:00),0.041666667,740.5163352,26.97572502,26.98506291,26.9944008,17.32809918,17.62921364,17.47865641,14.98222938,0.555844203,14.99430037,14.99949079,15.0046812,26.78613529,26.66023244,17.16948233,26.98506291
,TIP,River,Spring,19,21,23,5/4/2023,16:05:00,17.1,762.29976,30.01180157,37.94143244,22.74108284,2000,37.92991926,37.95294562,37.94143244,22.47798739,23.00417829,22.74108284,(05/04/23 16:05:00),0.041666667,740.105398,26.59879739,26.61494489,26.60687114,17.99904527,18.42038788,18.20971658,15.42535262,0.573983988,15.26728381,15.27655222,15.27191802,26.79172348,26.65230132,17.44472377,26.60687114
,TIP,River,Spring,20,22,24,5/4/2023,17:05:00,18.1,762.14736,30.00580157,38.42760363,27.78073809,2000,38.04228581,38.81292145,38.42760363,22.4617516,22.76012173,22.46236845,(05/04/23 17:05:00),0.041666667,740.0325075,26.67759574,27.21801295,26.94780435,17.98604461,18.2249618,17.98653855,15.1383778,0.562265995,14.99990491,15.30376313,15.15183402,26.79757997,26.64435696,17.7162172,26.94780435
,TIP,River,Spring,21,23,25,5/4/2023,18:10:00,16.8,762.0737,30.00290157,37.93611943,22.38174501,457.9232471,37.89898407,37.96394692,37.94542731,22.44551581,22.51606516,22.18365406,(05/04/23 18:10:00),0.045138889,739.8633007,26.57710373,26.62265968,26.60967259,17.97304395,18.0295357,17.76336052,15.50795374,0.577375063,15.34495694,15.37125982,15.36376139,26.80435989,26.63604115,17.80540259,26.60314533
,TIP,River,Spring,22,24,26,5/4/2023,19:08:00,16.1,762.0737,30.00290157,37.93300107,21.94885132,592.6298924,37.82309257,38.02526482,37.95064582,22.47821888,21.72127019,21.6470649,(05/04/23 19:08:00),0.040277778,739.8103433,26.52388393,26.66565957,26.61333213,17.99923064,17.39311082,17.3336916,15.71552901,0.585850284,15.53902492,15.62208422,15.59142818,26.81184595,26.62984233,17.76059925,26.60095854
,TIP,River,Spring,23,25,27,5/4/2023,20:08:00,15,762.22356,30.00880157,37.93460046,25.72969917,169.0699626,37.8232435,38.15029087,37.83026701,22.01395022,21.66596978,21.62899054,(05/04/23 20:08:00),0.041666667,739.8720779,26.52398977,26.75333555,26.52891509,17.6274717,17.34882951,17.31921872,16.05651944,0.599750881,15.90778624,16.04533657,15.9107402,26.8209991,26.6246578,17.67986899,26.60208014
,TIP,River,Spring,24,26,28,5/4/2023,21:00:00,12.3,762.67314,30.02650157,40.38576729,21.59042237,7.263294423,38.55683255,38.11446302,38.99920208,21.54968156,21.61066937,21.61091617,(05/04/23 21:00:00),0.036111111,740.1000943,27.03842763,26.72821085,27.34864441,17.25571277,17.30454821,17.30474583,16.96089071,0.636559579,17.21157011,17.01409865,17.40904158,26.83137506,26.62252578,17.55884545,27.03842763
,TIP,River,Spring,25,27,29,5/4/2023,22:00:00,11.2,763.04906,30.04130157,37.87701409,21.28705898,0,37.94688342,37.99313268,37.69102616,20.84316974,21.15245184,21.86555535,(05/04/23 22:00:00),0.041666667,740.3788327,26.61069371,26.64312654,26.43127082,16.68997981,16.93763466,17.50864585,17.36293715,0.652889792,17.37385029,17.39502535,17.25670692,26.84608494,26.62254887,17.3994858,26.56169702
,TIP,River,Spring,26,28,30,5/4/2023,23:00:00,10.7,763.19892,30.04720157,38.68913447,21.78076554,0,38.23543535,38.38660458,38.31101997,21.05793053,21.24624379,20.86961726,(05/04/23 23:00:00),0.041666667,740.4848994,26.8130441,26.91905329,26.8660487,16.86194758,17.01273772,16.71115743,17.55127635,0.660537925,17.71103251,17.7810556,17.74604406,26.86213465,26.62365148,17.24143338,26.8660487
,TIP,River,Spring,27,31,33,5/5/2023,2:00:00,9.6,763.12272,30.04420157,38.24917454,21.4639036,0,38.39123989,38.17871657,38.17756718,20.86409692,21.45966978,22.0679441,(05/05/23 02:00:00),0.125,740.3239435,26.92230385,26.7732694,26.77246338,16.70673707,17.18363665,17.67070682,17.96994758,0.677560631,18.24149319,18.14051331,18.13996718,26.91501313,26.63031958,16.78056442,26.82267888
,TIP,River,Spring,28,32,34,5/5/2023,3:00:00,10,763.27258,30.05010157,39.86218069,20.8801002,0,38.28405302,38.40785801,38.16024803,20.73623199,21.06322143,20.84084718,(05/05/23 03:00:00),0.041666667,740.5010546,26.84713781,26.9339575,26.76031812,16.60435038,16.86618422,16.68812005,17.81836673,0.67139013,18.02490334,18.08319323,17.96661346,26.93388762,26.63316091,16.63104035,26.84713781
,TIP,River,Spring,29,33,35,5/5/2023,4:00:00,10.2,763.49864,30.05900157,39.84629228,20.10959752,0,38.40334581,38.61604066,38.8287355,19.65021776,19.86907525,20.80949956,(05/05/23 04:00:00),0.041666667,740.7362061,26.93079327,27.07994801,27.22910274,15.7347343,15.90998245,16.66301872,17.74707781,0.668476742,18.00260894,18.10231541,18.20202188,26.95271183,26.63567504,16.48360928,27.07994801
,TIP,River,Spring,30,34,36,5/5/2023,5:00:00,9.2,763.57484,30.06200157,40.91479561,20.1476759,0,38.53800038,38.53800038,38.53800038,20.07819189,20.10223593,20.26259988,(05/05/23 05:00:00),0.041666667,740.7307267,27.02522135,27.02522135,27.02522135,16.07743071,16.09668376,16.22509375,18.13856054,0.684379891,18.49551804,18.49551804,18.49551804,26.97224458,26.63872754,16.33824304,27.02522135
